-- phpMyAdmin SQL Dump
-- version 4.0.10.14
-- http://www.phpmyadmin.net
--
-- Host: localhost:3306
-- Generation Time: Aug 12, 2016 at 02:04 PM
-- Server version: 5.5.51-MariaDB
-- PHP Version: 5.4.31

SET SQL_MODE = "NO_AUTO_VALUE_ON_ZERO";
SET time_zone = "+00:00";


/*!40101 SET @OLD_CHARACTER_SET_CLIENT=@@CHARACTER_SET_CLIENT */;
/*!40101 SET @OLD_CHARACTER_SET_RESULTS=@@CHARACTER_SET_RESULTS */;
/*!40101 SET @OLD_COLLATION_CONNECTION=@@COLLATION_CONNECTION */;
/*!40101 SET NAMES utf8 */;

--
-- Database: `marniesc_p4_marniescully_biz`
--

-- --------------------------------------------------------

--
-- Table structure for table `colors`
--

CREATE TABLE IF NOT EXISTS `colors` (
  `color_id` int(11) NOT NULL AUTO_INCREMENT,
  `color` text NOT NULL,
  `lg_image` varchar(25) NOT NULL,
  `sm_image` varchar(25) NOT NULL,
  PRIMARY KEY (`color_id`)
) ENGINE=InnoDB  DEFAULT CHARSET=latin1 AUTO_INCREMENT=6 ;

--
-- Dumping data for table `colors`
--

INSERT INTO `colors` (`color_id`, `color`, `lg_image`, `sm_image`) VALUES
(1, 'Green', '', ''),
(2, 'Yellow', '', ''),
(3, 'Orange', '', ''),
(4, 'Red', '', ''),
(5, 'Purple', '', '');

-- --------------------------------------------------------

--
-- Table structure for table `ingredients`
--

CREATE TABLE IF NOT EXISTS `ingredients` (
  `ingredient_id` int(11) NOT NULL AUTO_INCREMENT,
  `ingredient` varchar(255) NOT NULL,
  PRIMARY KEY (`ingredient_id`)
) ENGINE=InnoDB  DEFAULT CHARSET=latin1 AUTO_INCREMENT=82 ;

--
-- Dumping data for table `ingredients`
--

INSERT INTO `ingredients` (`ingredient_id`, `ingredient`) VALUES
(1, 'cup of red grapes'),
(2, 'cup of blueberries'),
(3, 'cup of pomegranate seeds'),
(4, 'ribs of celery'),
(5, 'beet'),
(6, 'apple'),
(7, 'orange'),
(8, 'sprig of mint'),
(9, 'sweet potato'),
(10, 'inch ginger'),
(11, 'tomato'),
(12, 'red bell pepper'),
(13, 'carrot'),
(14, 'zucchini'),
(15, 'handful of parsley'),
(16, 'handful of oregano'),
(17, 'handful of basil'),
(18, 'pinch of sea salt'),
(19, 'tsp olive oil'),
(20, 'pineapple'),
(21, 'cup of cranberries'),
(22, 'fennel'),
(23, 'lemon'),
(24, 'watermelon'),
(25, 'honeydew'),
(26, 'cup of mint'),
(27, 'dash of nutmeg'),
(28, 'dash of cloves'),
(29, 'leaves of collard greens'),
(30, 'handful of spinach'),
(31, 'head of red cabbage'),
(32, 'leaves of kale'),
(33, 'cucumber'),
(34, 'strawberries'),
(35, 'sprig of tarragon'),
(36, 'chili pepper'),
(37, 'cup of cherries'),
(38, 'cantaloupe'),
(39, 'dash of pumpkin pie spice'),
(40, 'tangerine'),
(41, 'grapefruit'),
(42, 'sprig of rosemary'),
(43, 'green pepper'),
(44, 'pear'),
(45, 'jicama'),
(46, 'red onion'),
(47, 'lime'),
(48, 'dash of cayenne pepper'),
(49, 'head of broccoli'),
(50, 'dash of cinnamon'),
(51, 'peach'),
(52, 'dash of Chinese 5-spice'),
(53, 'parsnips'),
(54, 'cup of green grapes'),
(55, 'yellow pepper'),
(56, 'jalapeño'),
(57, 'sprig of cilantro'),
(58, 'mango'),
(59, 'chayote'),
(60, 'green apple'),
(61, 'yellow squash'),
(62, 'stalk of broccoli'),
(64, 'head of green cabbage'),
(65, 'leaves of romaine'),
(66, 'kiwi'),
(67, 'leaves of chard'),
(68, 'handful of watercress'),
(69, 'poblano pepper'),
(70, 'leaves of dandelion greens'),
(71, 'cup of watermelon'),
(72, 'dash of garam masala'),
(74, 'handful of mint'),
(75, 'leaves of green cabbage'),
(76, 'celery root'),
(77, 'handful of cilantro'),
(78, 'handful of tarragon'),
(79, 'sumer squash'),
(80, 'cup of blackberries'),
(81, 'plum tomato');

-- --------------------------------------------------------

--
-- Table structure for table `recipes`
--

CREATE TABLE IF NOT EXISTS `recipes` (
  `recipe_id` int(11) NOT NULL AUTO_INCREMENT,
  `color_id` int(11) NOT NULL,
  `title` varchar(255) NOT NULL,
  `servings` varchar(255) NOT NULL,
  `user_id` int(11) NOT NULL,
  `author` varchar(255) NOT NULL,
  `description` text NOT NULL,
  PRIMARY KEY (`recipe_id`),
  KEY `user_id` (`user_id`),
  KEY `color_id` (`color_id`),
  KEY `color_id_2` (`color_id`),
  KEY `recipe_id` (`recipe_id`)
) ENGINE=InnoDB  DEFAULT CHARSET=latin1 AUTO_INCREMENT=102 ;

--
-- Dumping data for table `recipes`
--

INSERT INTO `recipes` (`recipe_id`, `color_id`, `title`, `servings`, `user_id`, `author`, `description`) VALUES
(1, 4, 'Auntie Oxie', '2', 1, 'Joe Cross', 'Vibrantly colored with a pop of refreshing flavor, this juice kicks your store bought grape juice to the curb by offering a surplus of antioxidants and nutritional benefits.'),
(2, 4, 'Beet-ini', '2', 1, 'Joe Cross', 'Put a new spin on happy hour and enjoy this healthy version of a ''martini.'),
(3, 4, 'Bloody Mary', '2', 1, 'Joe Cross', 'A healthy alternative to your weekend brunch cocktail.'),
(4, 4, 'Beet Potato Pie', '2', 1, 'Joe Cross', 'Fill up on your root vegetables for the highest levels of beta-carotene and vitamin A.'),
(5, 4, 'Brooklyn Heights', '2', 1, 'Joe Cross', 'With high levels of vitamin C, and a New York style taste, this juice takes you to new heights.'),
(6, 4, 'Caprese Salad', '2', 1, 'Joe Cross', 'A juice twist on a popular salad, with healthy ingredients that are in season all year round.'),
(7, 4, 'Cool Mint', '2', 1, 'Joe Cross', 'A perfect summer juice to take to the beach and boost your vitamin A intake.'),
(8, 4, 'Cran-Apple-Crisp', '2', 1, 'Joe Cross', 'A sweet and delicious juice packed with antioxidants.'),
(9, 4, 'Cranberry Citrus Cocktail', '2', 1, 'Joe Cross', 'This delicious juice is like all of your favorite Thanksgiving side dishes served up in a glass.'),
(10, 4, 'Green Pom-Pom', '2', 1, 'Joe Cross', 'Throw your hands up in the air and cheer for this beautiful Green Pom-Pom juice.'),
(11, 4, 'Mediterranean Summer', '2', 1, 'Joe Cross', 'If you''ve been dreaming about a summer on the Mediterranean then you''ll love this slightly sweet juice loaded with lycopene.'),
(12, 4, 'Orange Fennel', '2', 1, 'Joe Cross', 'The unique combination of fennel, orange and red cabbage presents a nutrient-packed and delightful juice.'),
(13, 4, 'Pom Apple', '2', 1, 'Joe Cross', 'A cleansing drink for those warm summer months, this juice is high in vitamins C and K and polyphenois.'),
(14, 4, 'Pink Lady', '2', 1, 'Joe Cross', 'Perfect on a hot summer morning as a refreshing and light beverage, this juice will please more than your taste buds. The strawberries are loaded with phytonutrients, the watermelon contains high contains high amounts of lycopene an antioxidant that can fight free radicals and the mint promotes a healthy digestive system. Cheers to the summer!'),
(15, 4, 'Red Rush', '2', 1, 'Joe Cross', 'The rich red color in these vibrant fruits and veggies signals a wealth of nutrition tucked inside a deliciously balanced sweet juice.'),
(16, 4, 'Red Hot', '2', 1, 'Joe Cross', 'More than typical fall juice, root vegetables with a pop of chili adds an extra zing to your taste buds.'),
(17, 4, 'Red Sunrise', '2', 1, 'Joe Cross', 'A vibrant red color packed with nutrients and a simply sweet taste is an energizing start to your day.'),
(18, 4, 'Ruby Champagne', '2', 1, 'Joe Cross', 'An afternoon pick me up loaded with brain-boosting power and nitric oxide.'),
(19, 4, 'Strawberry-Orange Mint Julep', '2', 1, 'Joe Cross', 'Change up a typical Mint Julep recipe into a nutritious drink to enjoy at the Kentucky Derby.'),
(20, 4, 'Summer Lovin', '2', 1, 'Joe Cross', 'This juice offers a deliciously soft, sweet summer taste. The combination of blueberries and pomegranates make this juice an antioxidant powerhouse.'),
(21, 4, 'Un-Beet-Able', '2', 1, 'Joe Cross', 'You can''t beat this Un-Beet-Able juice power-packed with nutrients from colors of the rainbow.'),
(22, 3, 'Apple Pie', '2', 1, 'Joe Cross', 'This delicious juice comes full circle in flavor and nutrients to boost your health.'),
(23, 3, 'Carrot Apple Ginger', '2', 1, 'Joe Cross', 'Transition to crisper, cooler weather, and beautiful produce, with this simple and super tasty classic.'),
(24, 3, 'Captain Melon', '2', 1, 'Joe Cross', 'Healthy summer time juice with anti-inflammatory and cancer fighting properties.'),
(25, 3, 'Carrot Tangerine Ginger', '2', 1, 'Joe Cross', 'An orange colored juice with more health benefits than orange juice.'),
(26, 3, 'Citrus Times Three', '2', 1, 'Joe Cross', 'Packed with vitamin C to support your immune system and keep it strong.'),
(27, 3, 'Glowing Green Pepper', '2', 1, 'Joe Cross', 'Protect your immune system while brightening your skin with this glowing juice.'),
(28, 3, 'Mexican Fiesta', '2', 1, 'Joe Cross', 'A mexican fiesta in a glass! The unique combination of jicama, red bell pepper, orange and red onion offers high levels of vitamin C.'),
(29, 3, 'Green Carrot Ginger', '2', 1, 'Joe Cross', 'If you want to ward off the seasonal cold then load up on this juice super-packed with immune boosting healthy ginger.'),
(30, 3, 'Oh Sweet Broccoli', '2', 1, 'Joe Cross', 'Loaded with vitamins C, K, A, folate and manganese, this juice is a good way to up your broccoli intake.'),
(31, 3, 'Minty Citrus', '2', 1, 'Joe Cross', 'Refresh your palate and load up on phytonutrients with this minty fresh juice.'),
(32, 3, 'Orange Ginger', '2', 1, 'Joe Cross', 'A seasonal antioxidant power-packed juice that includes flavors of the fall.'),
(33, 3, 'Peach Chai', '2', 1, 'Joe Cross', 'Refreshingly fruity and spicy, nutrient-rich and packed with antioxidants like vitamin C and phytochemicals.'),
(34, 3, 'Roots & Fruits', '2', 1, 'Joe Cross', 'A nice way to start a fall day. This juice is full of vitamin C, beta-carotene and bromelain.'),
(35, 3, 'Spicy Peach Carrot', '2', 1, 'Joe Cross', 'Sweet with a surprising overtone of carrot and apple,this juice is a great dessert juice or a fruity start to the day.'),
(36, 3, 'Sunburst', '2', 1, 'Joe Cross', 'Bursting with vitamin C, it''s perfect to keep colds away while promoting healthy, glowing skin.'),
(37, 3, 'Sweet Potato Pie', '2', 1, 'Joe Cross', 'When you are looking for something sweet, something with a bit of creaminess, or just an excuse to make a delicious, unique juice, this is the juice for you. '),
(38, 3, 'The Cabbage Patch', '2', 1, 'Joe Cross', 'Venture out of your typical juice routine. This recipe features the often ignored green cabbage which has a surprisingly high yield of juice for a leafy vegetable, a mild taster, and is abundant in vitamin C.'),
(39, 3, 'Triple C', '2', 1, 'Joe Cross', 'If you need to load up on vitamin C, don''t just rely on oranges! The cabbage in this juice offers high levels of vitamin C and sulphur.'),
(40, 2, ' Australia Gold ', '2', 1, 'Joe Cross', 'Celebrate Australia Day or any day with this unique juice full of plant rich micronutrients.'),
(41, 2, 'Celery Root & Pear', '2', 1, 'Joe Cross', 'This simple, light, and refreshing juice is rich in electrolytes, sodium, potassium, and magnesium.'),
(42, 2, 'Ginger Pear-snip', '2', 1, 'Joe Cross', 'Add a little spice to your life while helping reduce your risk of cancer and inflammation.'),
(43, 2, 'Hot & Cold', '2', 1, 'Joe Cross', 'Hot, cold, and healthy adding high levels of vitamins B6, E, and K.'),
(44, 2, 'Mango Salsa', '2', 1, 'Joe Cross', 'Sweet and savory with a bit of spice, this juice is great for maintaining healthy skin.'),
(45, 2, 'Mexi Cali', '2', 1, 'Joe Cross', 'A spicy anti-inflammatory juice that offers a refreshing bite.'),
(46, 2, 'Southwest', '2', 1, 'Joe Cross', 'Fruity and refreshing with a prickly cactus flare that brings you to the southwest.'),
(47, 2, 'Taj Mahal', '2', 1, 'Joe Cross', 'Inspired by the flavors of India, this juice is full of vitamin C and potassium.'),
(48, 2, 'Tia Rita', '2', 1, 'Joe Cross', 'The combination of refreshing fruits with basil and ginger is delicious, complex and invigorating to your taste buds.'),
(49, 2, 'Winter White', '2', 1, 'Joe Cross', 'This juice is perfect for the winter months for its fresh and seasonal taster that can brighten up winter doldrums.'),
(50, 1, 'Bunny''s Brier Patch', '2', 1, 'Joe Cross', 'A garden juice low in calories and high in carotene, lutein and sea-xanthin.'),
(51, 1, 'Cancun', '2', 1, 'Joe Cross', 'Get lost on the beaches of your spring break vacation by drinking in the numerous greens in this refreshing drink'),
(52, 1, 'Carrot Spinach Apple', '2', 1, 'Joe Cross', 'A sweet green juice high in vitamin K and A to promote strength and vitality.'),
(53, 1, 'Clean Green Elixir', '2', 1, 'Joe Cross', 'Super green and super clean, this green juice, loaded with 10 leaves of Kale and a strong taste of lemon, is a crowd pleaser.'),
(54, 1, 'Crisp & Clean Green', '2', 1, 'Joe Cross', 'Light and refreshing, this green juice is a great way to make your liver happy.'),
(55, 1, 'Everyday Green', '2', 1, 'Joe Cross', 'If you like rich greens and a bit of bitterness you''ll love this juice by New York City Chef Dan Kluger.'),
(56, 1, 'Go-To Green', '2', 1, 'Joe Cross', 'A good go-to for your daily juice intake loaded with phytochemicals.'),
(57, 1, 'Green Apple', '2', 1, 'Joe Cross', 'Combine these three ingredients and you''ll have a healthy spin on store-bought apple juice in minutes.'),
(58, 1, 'Green Fennel Delight', '2', 1, 'Joe Cross', 'If you like the taste of licorice, you can find it in a healthy version of this great tasting juice that offers a smooth finish.'),
(59, 1, 'Green Citrus', '2', 1, 'Joe Cross', 'The ingredients are simple; it''s the basics- apple, orange, and large handfuls of spinach (or any leafy greens that you prefer).'),
(60, 1, 'Green Goddess', '2', 1, 'Joe Cross', 'It only takes seconds to load up on nutrients with this simple juice.'),
(61, 1, 'Green Grape & Pear', '2', 1, 'Joe Cross', 'A healthy spin on grape juice to fight against the risk of stroke and high blood pressure.'),
(62, 1, 'Green Honey', '2', 1, 'Joe Cross', 'It may look like a typical green juice, but its sweet honey flavor offers a unique taste and antioxidants.'),
(63, 1, 'Great Greens', '2', 1, 'Joe Cross', 'Consume this powerhouse of phytonutrients every day and your body will thank you.'),
(64, 1, 'Green Lemonade', '2', 1, 'Joe Cross', 'Take a refreshing lemonade that is perfect for those summer months up a notch by adding greens!'),
(65, 1, 'Green Tart', '2', 1, 'Joe Cross', 'Not only will its pleasant sour taste wake up your taste buds but it will give you a nice boost of energy to get through your morning and the rest of your day.'),
(66, 1, 'Joe''s Mean Green', '2', 1, 'Joe Cross', 'No wonder this is Joe''s favorite juice, it contains some of the most nutritious fruits and vegetables on the planet.'),
(67, 1, 'Jicama Salad', '2', 1, 'Joe Cross', 'A new spin on juice to boost your immune system.'),
(68, 1, 'Lemon Lime & Bitters', '2', 1, 'Joe Cross', 'Sweet and sour and loaded with nutritional power.'),
(69, 1, 'Kickin'' Cucumber Melon', '2', 1, 'Joe Cross', 'Kick up your daily juice with this combination of cucumber, melon, lime, ginger and even jalapeño!'),
(70, 1, 'Little Green', '2', 1, 'Joe Cross', 'Sometimes a little kiwi green is just what the doctor ordered.'),
(71, 1, 'Honey I Juiced the Greens', '2', 1, 'Joe Cross', 'Deliciously tart with a satisfying sweetness and a slightly sour taste.'),
(72, 1, 'Melon Chard', '2', 1, 'Joe Cross', 'Sweeten up the strong fast of chard with a refreshing fruity flavors from apple, cantaloupe, and honeydew.'),
(73, 1, 'Mexican Style Jugo', '2', 1, 'Joe Cross', 'If you can''t get enough of the common Mexican dishes loaded with cilantro then you''ll love this juice.'),
(74, 1, 'Tuscan Summer', '2', 1, 'Joe Cross', 'Perfect for pretending you are vacationing in Italy.'),
(75, 1, 'Tutti Frutti', '2', 1, 'Joe Cross', 'Sweet, savory and delicious, just like the pineapples that go into this juice.'),
(76, 1, 'Triple Threat', '2', 1, 'Joe Cross', 'You''ll enjoy a sweet, sour, and refreshing taste all in one sip.'),
(77, 1, 'The Three Cs', '2', 1, 'Joe Cross', 'A super green juice packed with vitamin K.'),
(78, 1, 'Sweet Green', '2', 1, 'Joe Cross', 'Combine the power veggie kale with refreshing pineapple and apple to make your greens delicious and sweet.'),
(79, 1, 'The Perfect Pear', '2', 1, 'Joe Cross', 'Lemon and parsley make a perfect ''pear'' in this juice by offering a tart taste high in vitamin C.'),
(80, 1, 'Summer Green', '2', 1, 'Joe Cross', 'A fresh twist on a classic green juice, the zucchini lends a light flavor while the pears add just a touch of sweetness.'),
(81, 1, 'Spiced Apple Pear', '2', 1, 'Joe Cross', 'Simply sweet with a little spice, this juice is easy to make, super healthy and a crowd pleaser.'),
(82, 1, 'Sparkling Clean Green Elixir', '2', 1, 'Joe Cross', 'Minty fresh with a hint of lemon, you''ll find a refreshing delight for your taste buds in this juice.'),
(83, 1, 'Simple Green', '2', 1, 'Joe Cross', 'Healthy and powerful greens great for healing and protecting against diseases.'),
(84, 1, 'Red White Blue (& Green)', '2', 1, 'Joe Cross', 'Rich in antioxidants and flavor this drink is a delicious treat and a refreshing and cooling taste for warm summer months.'),
(85, 1, 'Peachy Green Keen Green', '2', 1, 'Joe Cross', 'If you''re seeking a wider variety of greens to juice, look no further. The dandelion greens in this juice might be just what you are looking for.'),
(86, 1, 'Morning Green Glory', '2', 1, 'Joe Cross', 'Skip the coffee and start your day with this nutrient-packed sweet green juice.'),
(87, 1, 'Morning Dew', '2', 1, 'Joe Cross', 'This diverse juice is an excellent source of vitamin A and other powerful antioxidants.'),
(88, 1, 'Winter Green Detox', '2', 1, 'Joe Cross', 'From Chef Dan Kluger this seasonal favorite and antioxidant powerhouse, is loaded with seven different fruits and vegetables that all add a surplus of phytonutrients.'),
(89, 5, 'BBQ Blowout', '2', 1, 'Joe Cross', 'Don''t forget to bring your favorite nutrient rich juice to your next summer barbeque.'),
(90, 5, 'Dracula''s Dream', '2', 1, 'Joe Cross', 'Keep your heart strong and blood pumping with Dracula''s favorite red juice.'),
(91, 5, 'Hot Pink', '2', 1, 'Joe Cross', 'Pink isn''t only for the girls. This juice is great for everyone''s heart, bones, and brain.'),
(92, 5, 'Just Beet It', '2', 1, 'Joe Cross', 'A great source of potassium and electrolytes; bring this juice with you the next time you head to the gym.'),
(93, 5, 'Mash Up', '2', 1, 'Joe Cross', 'Drink in the nutrients from seven different fruits and vegetables with a subtle, mellow flavor.'),
(94, 5, 'Olympic Athlete', '2', 1, 'Joe Cross', '100% naturally packed with electrolytes, potassium, magnesium, and antioxidant compounds to help keep your muscles and immune system healthy and strong.'),
(95, 5, 'Pink Blush', '2', 1, 'Joe Cross', 'A revitalizing, sweet, and fragrant juice that is so satisfying it will make you blush.'),
(96, 5, 'Purple Power', '2', 1, 'Joe Cross', 'Packing a powerful sweet punch, this juice is loaded with rich sources of vitamins A, C, B6, and folate in addition to essential minerals.'),
(97, 5, 'Red Licorice', '2', 1, 'Joe Cross', 'Satisfy your craving for something sweet and keep your heart healthy with this powerful red potassium filled juice.'),
(98, 5, 'Sporty Spice', '2', 1, 'Joe Cross', 'Loaded with electrolytes, sodium, potassium, and magnesium, this juice is an excellent choice for those with active lifestyles.'),
(99, 5, 'Salad Bowl', '2', 1, 'Joe Cross', 'Drink in your salad with this simple, subtle and sweet juice.'),
(100, 5, 'Sunrise', '2', 1, 'Joe Cross', 'Simple and sweet, the Sunrise Juice is a great way to start the day. The vibrant red color lets you know that the juice is packed with nutrients such as beta-carotene and vitamin C, and the sweet, tangy taste makes it pleasing to your taste buds.'),
(101, 5, 'The Watering Pineapple', '2', 1, 'Joe Cross', 'Sweet, thirst-quenching and refreshing is the perfect way to describe this juice.');

-- --------------------------------------------------------

--
-- Table structure for table `recipes_ingredients`
--

CREATE TABLE IF NOT EXISTS `recipes_ingredients` (
  `recipes_ingredients_id` int(11) NOT NULL AUTO_INCREMENT,
  `recipe_id` int(11) NOT NULL,
  `ingredients_id` int(11) NOT NULL,
  `quantity` float NOT NULL,
  PRIMARY KEY (`recipes_ingredients_id`),
  KEY `recipe_id` (`recipe_id`),
  KEY `ingredients_id` (`ingredients_id`)
) ENGINE=InnoDB  DEFAULT CHARSET=latin1 AUTO_INCREMENT=487 ;

--
-- Dumping data for table `recipes_ingredients`
--

INSERT INTO `recipes_ingredients` (`recipes_ingredients_id`, `recipe_id`, `ingredients_id`, `quantity`) VALUES
(1, 1, 1, 2),
(2, 1, 2, 2),
(3, 1, 3, 2),
(4, 1, 4, 4),
(5, 2, 5, 1),
(6, 2, 6, 1),
(7, 2, 7, 1),
(8, 2, 8, 1),
(9, 3, 11, 4),
(10, 3, 12, 2),
(11, 3, 13, 1),
(12, 3, 14, 1),
(13, 3, 4, 2),
(14, 3, 15, 1),
(15, 3, 16, 1),
(16, 3, 17, 1),
(17, 3, 18, 1),
(18, 3, 19, 1),
(19, 4, 9, 1),
(20, 4, 5, 1),
(21, 4, 6, 2),
(22, 4, 10, 1.5),
(23, 5, 7, 2),
(24, 5, 20, 0.3),
(25, 5, 21, 1),
(33, 6, 81, 3),
(34, 6, 22, 1),
(35, 6, 17, 1),
(36, 6, 23, 0.5),
(37, 6, 18, 1),
(38, 6, 19, 0.5),
(39, 7, 24, 0.5),
(40, 7, 25, 0.5),
(41, 7, 26, 1),
(42, 7, 23, 0.5),
(43, 8, 6, 3),
(44, 8, 21, 2),
(45, 8, 23, 0.25),
(46, 8, 10, 0.25),
(47, 8, 28, 1),
(48, 8, 27, 1),
(49, 9, 21, 1),
(50, 9, 7, 1),
(51, 9, 6, 1),
(52, 9, 9, 1),
(53, 9, 29, 5),
(54, 10, 6, 2),
(55, 10, 4, 2),
(56, 10, 30, 1),
(57, 10, 3, 1),
(58, 11, 24, 0.25),
(59, 11, 11, 1),
(60, 11, 17, 1),
(61, 11, 74, 1),
(62, 11, 18, 1),
(63, 12, 31, 0.25),
(64, 12, 32, 4),
(65, 12, 33, 1),
(66, 12, 22, 0.5),
(67, 12, 7, 2),
(68, 12, 6, 1),
(69, 13, 4, 3),
(70, 13, 3, 1),
(71, 13, 6, 2),
(72, 14, 24, 0.33),
(73, 14, 34, 12),
(74, 14, 8, 4),
(75, 14, 35, 3),
(76, 15, 37, 0.5),
(77, 15, 24, 0.125),
(78, 15, 34, 4),
(79, 15, 11, 1),
(80, 15, 5, 1),
(81, 15, 17, 1),
(82, 16, 5, 1),
(83, 16, 13, 4),
(84, 16, 7, 2),
(85, 16, 9, 0.5),
(86, 16, 36, 1),
(87, 17, 31, 0.5),
(88, 17, 13, 6),
(89, 17, 7, 2),
(90, 18, 33, 2),
(91, 18, 13, 2),
(92, 18, 5, 1),
(93, 18, 4, 1),
(94, 18, 15, 1),
(95, 18, 23, 1),
(96, 18, 10, 1.5),
(97, 19, 38, 0.5),
(98, 19, 34, 12),
(99, 19, 7, 1),
(100, 19, 74, 1),
(101, 20, 24, 0.25),
(102, 20, 2, 1),
(103, 20, 3, 0.5),
(104, 21, 6, 1),
(105, 21, 5, 1),
(106, 21, 13, 3),
(107, 21, 32, 4),
(108, 21, 10, 1.5),
(109, 22, 9, 1),
(110, 22, 13, 2),
(111, 22, 6, 2),
(112, 22, 7, 1),
(113, 22, 39, 1),
(114, 23, 13, 3),
(115, 23, 6, 2),
(116, 23, 10, 1),
(117, 24, 24, 0.5),
(118, 24, 20, 0.33),
(119, 24, 10, 1),
(120, 25, 13, 4),
(121, 25, 40, 4),
(122, 25, 10, 0.5),
(123, 26, 7, 3),
(124, 26, 41, 2),
(125, 26, 23, 0.5),
(126, 26, 42, 2),
(127, 27, 43, 1),
(128, 27, 33, 1),
(129, 27, 13, 3),
(130, 27, 23, 1),
(131, 28, 45, 0.5),
(132, 28, 12, 0.5),
(133, 28, 33, 0.5),
(134, 28, 46, 0.25),
(135, 28, 7, 1),
(136, 28, 47, 1),
(137, 28, 48, 1),
(138, 29, 33, 1),
(139, 29, 13, 4),
(140, 29, 32, 3),
(141, 29, 44, 0.5),
(142, 29, 10, 1),
(143, 30, 49, 1.5),
(144, 30, 7, 2),
(145, 30, 33, 1),
(146, 30, 13, 1),
(147, 31, 7, 2),
(148, 31, 41, 1),
(149, 31, 13, 2),
(150, 31, 4, 4),
(151, 31, 74, 1),
(152, 32, 9, 1),
(153, 32, 21, 0.25),
(154, 32, 7, 1),
(155, 32, 23, 0.5),
(156, 32, 22, 0.5),
(157, 32, 10, 0.25),
(158, 32, 50, 1),
(159, 33, 51, 3),
(160, 33, 44, 10),
(161, 33, 10, 1.5),
(162, 33, 52, 1),
(163, 34, 13, 2),
(164, 34, 53, 2),
(165, 34, 20, 0.25),
(166, 34, 7, 1),
(167, 34, 10, 1),
(168, 35, 51, 2),
(169, 35, 44, 1),
(170, 35, 13, 2),
(171, 35, 54, 1),
(172, 35, 10, 1),
(173, 35, 50, 1),
(174, 35, 27, 1),
(175, 35, 28, 1),
(176, 36, 7, 1),
(177, 36, 12, 1),
(178, 36, 13, 3),
(179, 36, 23, 0.5),
(180, 37, 9, 1),
(181, 37, 44, 2),
(182, 37, 6, 1),
(183, 37, 50, 1),
(184, 38, 75, 6),
(185, 38, 67, 6),
(186, 38, 13, 3),
(187, 38, 6, 1),
(188, 38, 10, 1),
(189, 39, 64, 0.25),
(190, 39, 13, 3),
(191, 39, 4, 4),
(192, 39, 60, 1),
(193, 39, 23, 1),
(194, 40, 20, 0.5),
(195, 40, 55, 1),
(196, 40, 23, 1),
(197, 40, 10, 1),
(198, 41, 76, 3),
(199, 41, 44, 2),
(200, 42, 53, 3),
(201, 42, 44, 1),
(202, 42, 10, 1.5),
(203, 43, 45, 1),
(204, 43, 7, 2),
(205, 43, 56, 1),
(206, 43, 74, 1),
(207, 43, 57, 2),
(208, 44, 58, 1),
(209, 44, 33, 0.5),
(210, 44, 55, 0.5),
(211, 44, 56, 1),
(212, 44, 77, 1),
(213, 44, 47, 1),
(214, 45, 20, 0.66),
(215, 45, 60, 1),
(216, 45, 47, 1),
(217, 45, 56, 0.5),
(218, 45, 77, 1),
(219, 46, 59, 1),
(220, 46, 11, 1),
(221, 46, 60, 1),
(222, 47, 6, 2),
(223, 47, 44, 2),
(224, 47, 23, 0.5),
(225, 47, 10, 2),
(226, 47, 72, 1),
(227, 48, 41, 2),
(228, 48, 44, 2),
(229, 48, 20, 0.33),
(230, 48, 17, 1),
(231, 48, 47, 0.5),
(232, 48, 10, 1),
(233, 49, 22, 1),
(234, 49, 44, 2),
(235, 49, 10, 1),
(236, 50, 61, 0.5),
(237, 50, 32, 2),
(238, 50, 6, 1),
(239, 50, 62, 1),
(240, 50, 30, 2),
(241, 50, 13, 3),
(242, 51, 32, 6),
(243, 51, 33, 1),
(244, 51, 47, 1),
(245, 51, 74, 1),
(246, 51, 56, 1),
(247, 51, 4, 3),
(248, 52, 13, 2),
(249, 52, 30, 2),
(250, 52, 15, 1),
(251, 52, 6, 2),
(252, 53, 60, 1.5),
(253, 53, 23, 0.5),
(254, 53, 44, 1),
(255, 53, 32, 10),
(256, 54, 64, 0.25),
(257, 54, 44, 2),
(258, 54, 65, 6),
(259, 54, 10, 1),
(260, 55, 32, 6),
(261, 55, 29, 5),
(262, 55, 33, 1),
(263, 55, 15, 1),
(264, 55, 6, 1),
(265, 55, 10, 1),
(266, 56, 30, 2),
(267, 56, 13, 2),
(268, 56, 6, 2),
(269, 56, 4, 2),
(270, 56, 33, 1),
(271, 57, 6, 2),
(272, 57, 66, 2),
(273, 57, 30, 2),
(274, 58, 22, 1),
(275, 58, 4, 1),
(276, 58, 32, 8),
(277, 58, 60, 1),
(278, 58, 7, 2),
(279, 59, 60, 1),
(280, 59, 7, 1),
(281, 59, 30, 3),
(282, 60, 22, 1),
(283, 60, 4, 2),
(284, 60, 30, 3),
(285, 61, 54, 1),
(286, 61, 44, 1),
(287, 61, 47, 1),
(288, 61, 33, 2),
(289, 62, 25, 0.33),
(290, 62, 6, 1),
(291, 62, 32, 8),
(292, 62, 33, 0.5),
(293, 63, 60, 1),
(294, 63, 30, 2),
(295, 63, 67, 6),
(296, 63, 33, 1),
(297, 63, 4, 2),
(298, 63, 22, 0.5),
(299, 63, 17, 1),
(300, 64, 60, 1),
(301, 64, 30, 2),
(302, 64, 32, 8),
(303, 64, 33, 0.5),
(304, 64, 4, 2),
(305, 64, 23, 1),
(306, 65, 32, 8),
(307, 65, 60, 2),
(308, 65, 23, 0.5),
(309, 66, 33, 1),
(310, 66, 4, 4),
(311, 66, 60, 2),
(312, 66, 32, 8),
(313, 66, 23, 0.5),
(314, 66, 10, 1),
(315, 67, 45, 1),
(316, 67, 65, 4),
(317, 67, 30, 2),
(318, 67, 78, 1),
(319, 67, 23, 0.5),
(320, 68, 23, 1),
(321, 68, 47, 1),
(322, 68, 68, 1),
(323, 68, 60, 2),
(324, 69, 33, 1),
(325, 69, 47, 1),
(326, 69, 25, 0.33),
(327, 69, 56, 1),
(328, 69, 10, 1),
(329, 70, 60, 2),
(330, 70, 66, 2),
(331, 70, 4, 2),
(332, 71, 25, 0.33),
(333, 71, 20, 0.66),
(334, 71, 60, 2),
(335, 71, 32, 8),
(336, 72, 6, 2),
(337, 72, 38, 0.5),
(338, 72, 25, 0.5),
(339, 72, 32, 7),
(340, 72, 67, 7),
(341, 73, 33, 2),
(342, 73, 77, 4),
(343, 73, 47, 1),
(344, 73, 69, 1),
(345, 73, 6, 1),
(346, 74, 41, 1),
(347, 74, 22, 0.5),
(348, 74, 7, 1),
(349, 74, 17, 1),
(350, 75, 20, 0.25),
(351, 75, 67, 4),
(352, 75, 66, 1),
(353, 75, 1, 1),
(354, 75, 60, 1),
(355, 76, 7, 3),
(356, 76, 23, 1),
(357, 76, 47, 1),
(358, 76, 42, 2),
(359, 76, 65, 6),
(360, 77, 6, 2),
(361, 77, 4, 2),
(362, 77, 33, 1),
(363, 77, 67, 6),
(364, 77, 23, 0.5),
(365, 78, 20, 0.25),
(366, 78, 60, 1),
(367, 78, 32, 8),
(368, 79, 32, 8),
(369, 79, 44, 1),
(370, 79, 33, 1),
(371, 79, 15, 1),
(372, 79, 23, 0.5),
(373, 80, 44, 2),
(374, 80, 32, 4),
(375, 80, 30, 1),
(376, 80, 33, 0.5),
(377, 80, 14, 1),
(378, 80, 23, 0.25),
(379, 80, 10, 1),
(380, 81, 6, 2),
(381, 81, 44, 2),
(382, 81, 32, 8),
(383, 81, 10, 1.5),
(384, 82, 4, 2),
(385, 82, 67, 2),
(386, 82, 23, 0.5),
(387, 82, 74, 1),
(388, 82, 6, 1),
(389, 82, 33, 0.5),
(390, 83, 32, 8),
(391, 83, 30, 2),
(392, 83, 33, 0.5),
(393, 83, 4, 4),
(394, 83, 60, 2),
(395, 83, 10, 1),
(396, 84, 71, 2.5),
(397, 84, 2, 1),
(398, 84, 67, 8),
(399, 85, 79, 2),
(400, 85, 32, 8),
(401, 85, 70, 4),
(402, 85, 51, 4),
(403, 85, 6, 1),
(404, 85, 23, 0.5),
(405, 86, 32, 5),
(406, 86, 30, 1),
(407, 86, 65, 3),
(408, 86, 33, 1),
(409, 86, 4, 3),
(410, 86, 60, 1),
(411, 86, 23, 1),
(412, 87, 60, 2),
(413, 87, 25, 0.5),
(414, 87, 67, 8),
(415, 87, 47, 1),
(416, 87, 17, 1),
(417, 87, 74, 1),
(418, 88, 41, 1),
(419, 88, 74, 1),
(420, 88, 4, 3),
(421, 88, 22, 0.5),
(422, 88, 23, 1),
(423, 88, 6, 1),
(424, 88, 32, 5),
(425, 89, 31, 0.5),
(426, 89, 5, 1),
(427, 89, 13, 2),
(428, 89, 6, 0.5),
(429, 89, 23, 0.5),
(430, 90, 5, 1),
(431, 90, 13, 2),
(432, 90, 34, 8),
(433, 90, 32, 7),
(434, 91, 5, 2),
(435, 91, 6, 2),
(436, 91, 67, 8),
(437, 91, 10, 1.5),
(438, 92, 5, 2),
(439, 92, 44, 2),
(440, 92, 33, 1),
(441, 92, 10, 1),
(442, 93, 31, 0.25),
(443, 93, 4, 1),
(444, 93, 62, 1),
(445, 93, 79, 0.5),
(446, 93, 66, 1),
(447, 93, 1, 1),
(448, 93, 6, 0.5),
(449, 94, 5, 1),
(450, 94, 13, 2),
(451, 94, 4, 2),
(452, 94, 23, 0.5),
(453, 94, 7, 1),
(454, 94, 17, 1),
(455, 94, 33, 0.5),
(456, 95, 24, 0.25),
(457, 95, 41, 1),
(458, 95, 6, 1),
(459, 95, 31, 0.5),
(460, 96, 6, 1),
(461, 96, 1, 6),
(462, 96, 80, 0.5),
(463, 96, 10, 1),
(464, 97, 22, 1),
(465, 97, 5, 2),
(466, 97, 7, 1),
(467, 98, 5, 2),
(468, 98, 13, 1),
(469, 98, 4, 3),
(470, 98, 23, 1),
(471, 98, 7, 1),
(472, 98, 17, 1),
(473, 99, 31, 0.5),
(474, 99, 7, 1),
(475, 99, 6, 1),
(476, 99, 65, 4),
(477, 99, 15, 1),
(478, 100, 13, 3),
(479, 100, 7, 1),
(480, 100, 5, 1),
(481, 101, 24, 0.125),
(482, 101, 20, 0.33),
(483, 101, 5, 1),
(484, 101, 13, 2),
(485, 101, 4, 2),
(486, 101, 10, 0.5);

-- --------------------------------------------------------

--
-- Table structure for table `recipes_steps`
--

CREATE TABLE IF NOT EXISTS `recipes_steps` (
  `recipes_steps_id` int(11) NOT NULL AUTO_INCREMENT,
  `recipe_id` int(11) NOT NULL,
  `step_id` int(11) NOT NULL,
  PRIMARY KEY (`recipes_steps_id`),
  KEY `recipe_id` (`recipe_id`),
  KEY `step_id` (`step_id`),
  KEY `recipe_id_2` (`recipe_id`)
) ENGINE=InnoDB  DEFAULT CHARSET=latin1 AUTO_INCREMENT=184 ;

--
-- Dumping data for table `recipes_steps`
--

INSERT INTO `recipes_steps` (`recipes_steps_id`, `recipe_id`, `step_id`) VALUES
(1, 2, 3),
(2, 2, 4),
(3, 3, 28),
(4, 3, 29),
(5, 4, 6),
(6, 4, 3),
(7, 4, 5),
(8, 5, 4),
(9, 5, 19),
(10, 6, 7),
(11, 6, 28),
(12, 6, 29),
(13, 7, 7),
(14, 7, 15),
(15, 7, 16),
(16, 8, 7),
(17, 8, 5),
(18, 8, 30),
(19, 8, 38),
(20, 9, 4),
(21, 9, 6),
(22, 11, 15),
(23, 11, 28),
(24, 12, 4),
(25, 14, 15),
(26, 15, 17),
(27, 15, 18),
(28, 15, 3),
(29, 16, 3),
(30, 16, 6),
(31, 16, 4),
(32, 17, 4),
(33, 18, 3),
(34, 18, 7),
(35, 18, 5),
(36, 19, 19),
(37, 19, 4),
(38, 20, 15),
(39, 21, 3),
(40, 21, 5),
(41, 22, 4),
(42, 22, 6),
(43, 23, 5),
(44, 24, 5),
(45, 24, 15),
(46, 24, 14),
(47, 25, 8),
(48, 25, 5),
(49, 26, 4),
(50, 26, 9),
(51, 26, 7),
(52, 27, 7),
(53, 27, 20),
(54, 28, 10),
(55, 28, 4),
(56, 28, 11),
(57, 28, 12),
(58, 28, 40),
(59, 29, 5),
(60, 30, 4),
(61, 31, 4),
(62, 31, 9),
(63, 32, 6),
(64, 32, 4),
(65, 32, 7),
(66, 33, 5),
(67, 33, 21),
(68, 33, 42),
(69, 34, 5),
(70, 34, 4),
(71, 34, 14),
(72, 35, 5),
(73, 35, 21),
(74, 35, 41),
(75, 35, 30),
(76, 35, 38),
(77, 36, 7),
(78, 36, 4),
(79, 37, 6),
(80, 37, 41),
(81, 38, 5),
(82, 39, 7),
(83, 40, 7),
(84, 40, 5),
(85, 40, 14),
(86, 40, 20),
(87, 42, 5),
(88, 43, 10),
(89, 43, 4),
(90, 43, 23),
(91, 44, 11),
(92, 44, 22),
(93, 44, 20),
(94, 44, 23),
(95, 45, 11),
(96, 45, 14),
(97, 45, 23),
(98, 47, 7),
(99, 47, 5),
(100, 47, 43),
(101, 48, 9),
(102, 48, 11),
(103, 48, 5),
(104, 48, 14),
(105, 49, 5),
(106, 51, 11),
(107, 51, 23),
(108, 53, 7),
(109, 54, 5),
(110, 55, 5),
(111, 57, 13),
(112, 58, 4),
(113, 59, 4),
(114, 61, 11),
(115, 62, 16),
(116, 64, 7),
(117, 65, 7),
(118, 66, 7),
(119, 66, 5),
(120, 67, 10),
(121, 67, 7),
(122, 68, 7),
(123, 68, 11),
(124, 69, 11),
(125, 69, 5),
(126, 69, 16),
(127, 69, 23),
(128, 70, 13),
(129, 71, 16),
(130, 71, 14),
(131, 72, 19),
(132, 72, 16),
(133, 73, 11),
(134, 73, 24),
(135, 74, 9),
(136, 74, 4),
(137, 75, 13),
(138, 75, 14),
(139, 76, 4),
(140, 76, 7),
(141, 76, 11),
(142, 77, 7),
(143, 78, 14),
(144, 79, 7),
(145, 80, 7),
(146, 80, 5),
(147, 81, 5),
(148, 82, 7),
(149, 83, 5),
(150, 84, 15),
(151, 85, 7),
(152, 85, 21),
(153, 86, 7),
(154, 87, 11),
(155, 87, 16),
(156, 88, 9),
(157, 88, 7),
(158, 89, 3),
(159, 89, 7),
(160, 90, 3),
(161, 91, 3),
(162, 91, 5),
(163, 92, 3),
(164, 92, 5),
(165, 93, 13),
(166, 94, 3),
(167, 94, 7),
(168, 94, 4),
(169, 95, 9),
(170, 95, 15),
(171, 96, 5),
(172, 97, 3),
(173, 97, 4),
(174, 98, 3),
(175, 98, 7),
(176, 98, 4),
(177, 99, 4),
(178, 100, 3),
(179, 100, 4),
(180, 101, 15),
(181, 101, 14),
(182, 101, 3),
(183, 101, 5);

-- --------------------------------------------------------

--
-- Table structure for table `steps`
--

CREATE TABLE IF NOT EXISTS `steps` (
  `step_id` int(11) NOT NULL AUTO_INCREMENT,
  `step` varchar(255) NOT NULL,
  `step_num_id` int(11) NOT NULL,
  PRIMARY KEY (`step_id`),
  KEY `step_num_id` (`step_num_id`)
) ENGINE=InnoDB  DEFAULT CHARSET=latin1 AUTO_INCREMENT=44 ;

--
-- Dumping data for table `steps`
--

INSERT INTO `steps` (`step_id`, `step`, `step_num_id`) VALUES
(3, 'Peel Beet', 1),
(4, 'Peel Orange', 1),
(5, 'Peel Ginger', 1),
(6, 'Peel Sweet Potato', 1),
(7, 'Peel Lemon', 1),
(8, 'Peel Tangerine', 1),
(9, 'Peel Grapefruit', 1),
(10, 'Peel Jicama', 1),
(11, 'Peel Lime', 1),
(12, 'Peel Onion', 1),
(13, 'Peel Kiwi', 1),
(14, 'Remove Rind from Pineapple', 2),
(15, 'Remove Rind from Watermelon', 2),
(16, 'Remove Rind from Honeydew', 2),
(17, 'Remove Pits from Cherries', 2),
(18, 'Remove Green Stems from Strawberries', 2),
(19, 'Remove Rind from Cantaloupe', 2),
(20, 'Remove Seeds from Pepper', 2),
(21, 'Remove Pits from Peaches', 2),
(22, 'Remove Skin from Mango', 2),
(23, 'Remove Seeds from Jalapeño Pepper', 2),
(24, 'Remove Seeds from Poblano Pepper', 2),
(28, 'Top with a pinch of sea salt', 3),
(29, 'Top with olive oil', 3),
(30, 'Top with  a dash of nutmeg', 3),
(38, 'Top with a dash of ground cloves', 3),
(39, 'Top with a dash of pumpkin spice', 3),
(40, 'Top with a dash of cayenne pepper', 3),
(41, 'Top with a dash of cinnamon', 3),
(42, 'Top with a dash of Chinese 5-Spice', 3),
(43, 'Top with a dash of garam masala', 3);

-- --------------------------------------------------------

--
-- Table structure for table `step_num`
--

CREATE TABLE IF NOT EXISTS `step_num` (
  `step_num_id` int(11) NOT NULL AUTO_INCREMENT,
  `step_num` varchar(255) NOT NULL,
  PRIMARY KEY (`step_num_id`)
) ENGINE=InnoDB  DEFAULT CHARSET=latin1 AUTO_INCREMENT=4 ;

--
-- Dumping data for table `step_num`
--

INSERT INTO `step_num` (`step_num_id`, `step_num`) VALUES
(1, 'Peel'),
(2, 'Remove'),
(3, 'Top');

-- --------------------------------------------------------

--
-- Table structure for table `users`
--

CREATE TABLE IF NOT EXISTS `users` (
  `user_id` int(255) NOT NULL AUTO_INCREMENT,
  `user_name` varchar(255) NOT NULL,
  `email` varchar(255) NOT NULL,
  `token` varchar(255) NOT NULL,
  `password` varchar(255) NOT NULL,
  `timezone` varchar(255) NOT NULL,
  `created` int(11) NOT NULL,
  `modified` int(11) NOT NULL,
  PRIMARY KEY (`user_id`)
) ENGINE=InnoDB  DEFAULT CHARSET=latin1 AUTO_INCREMENT=28 ;

--
-- Dumping data for table `users`
--

INSERT INTO `users` (`user_id`, `user_name`, `email`, `token`, `password`, `timezone`, `created`, `modified`) VALUES
(1, 'marnie', 'marnie@marniescully.biz', 'fc21385519f9a8db9016a761978d911daf6c521b', '2a4fc4797aa4346cac569a5f1619f97f42fa855a', '', 1387238849, 1387238849),
(2, 'marniescully', 'marnies@marniescully.biz', '9b35c1cdc5499c3f73b633f66bd49b883a427470', 'e2aca1c2d0dbc19dc60038f26b25eacc1a85595c', '', 1387624037, 1387624037),
(3, '123', '123@123.com', 'ec8463600bcc080e848ce0f20db00d35e39f6517', '56d1c31698b4032a43962db09b6ae6de64a1dea9', '', 1388450526, 1388450526),
(4, 'drlp', 'drlpitis@gmail.com', 'c738ebec48c999294ee26ebc3f1329ad9e3a32eb', 'b8c27e3df35ca49de5f8f50a1b081afdd391a31f', '', 1405515877, 1405515877),
(5, 'dmitchell166', 'dmitchell159@email.itt-tech.edu', '79ee4a3d0e6e27a75cbecec59e6e0492b38ab9fd', '4d2cd5eef325c28829855a59881b1a5bcd106ee3', '', 1406034618, 1406034618),
(6, 'zach', 'abc@def.com', '6cebcbd5efb4a8e4316b2a2d50ca06a2d8920cf1', '04c245a82f4c9abc50dc1af411c55fab87d83472', '', 1406754574, 1406754574),
(7, 'test', 'test@mailinator.com', 'd059baf035b41152a693411cd5abe56f6153983a', '590a91fc8af43321003acebcbbbda395941c0e4b', '', 1411688698, 1411688698),
(8, 'cannedgoods', 'cannedgoods@aol.com', 'ca37d4dd61be44ae08ef56656f203752facd8a4e', '3f233c285f37af2962896464d3ca84c7cc52e394', '', 1414374886, 1414374886),
(9, 'mkimball16', 'mackenziekimball@gmail.com', 'ca42cf8843023052c9ddbe2d19c1407130d40f8a', '4f0157e0e8b90326e3eb1e24f8157d2179a211fb', '', 1414504449, 1414504449),
(10, 'McSteve', 'smcdevitt01@gmail.com', 'c06c52c5480dfb01476486befadd99b9c9549516', 'ca0fdbf962b7a4938e369b9ee7cb43492effa607', '', 1415063752, 1415063752),
(11, 'Tatiana', 'tatiana_lu@yahoo.com', '26e202ec60bde8285ead09ee26be088d67b99308', '13df1e33f8086286f0505e67fc96f02cf3cb1989', '', 1415652648, 1415652648),
(12, 'dipesh', 'dipeshagarwal2003@gmail.com', '22052abfefa948aa7ebdeac9cb4cd9a6f7e17f2f', '6a9cf2aafa51fc50f7b10207723bc2575beec17b', '', 1416149550, 1416149550),
(13, 'Michael', 'michaeladelaney@gmail.com', '7c4d244e3d84e665e47202f1201a98e84f4e0f6d', '21c55264b60a489fcad5fd4212db7e43db6c2093', '', 1416866143, 1416866143),
(14, 'test', 'test@test.com', '1849dac5b5c8495faffbe1a144e7a14722781fc8', '56d1c31698b4032a43962db09b6ae6de64a1dea9', '', 1417460185, 1417460185),
(15, 'Tatiana', 'tatjnka84@mail.ru', '9355c218ed274d1bcb425c5c1842f4b5284d3627', 'a65eddf75a9a8c12411ac9ef9e4b8adb052b2008', '', 1417583060, 1417583060),
(16, 'yydd', 'yydd@gmail.com', '1e5f14c0398cb704eac306e27384f2f0729554d0', 'be8be5ded986b86d3ade4c45b5bbd8cd2271b12b', '', 1418170502, 1418170502),
(17, 'abc', 'abc@abc.com', '04009b8688cda176135021942f1d899c0f9a84d6', 'e989a8773b7cb9ed4a908031ffb154dbb4c59518', '', 1418255732, 1418255732),
(18, 'emilysoup', 'i19_10tsuki@yahoo.com', '758886ec20f1265120752680e59cb3c39bc78eae', '8dff007b33aa5637917aad4911ae9ab74fc6517b', '', 1418258699, 1418258699),
(19, 'tindo241', 'tindo241@gmail.com', 'e6d7866ee83c8897a7212f57cc7314556a5d1067', '1af73d4e1b2bce1ef856021cde947263a296cf6f', '', 1419046186, 1419046186),
(20, 'jyotimehta', 'jyoti.mehta@hotmail.com', 'e2c3336a0c8216165d4fbe5b57e0e46b70a2b91d', '8fefff52c04673248d7355173cf8029f0ec02252', '', 1420681388, 1420681388),
(21, 'Chosen', 'Chosen566@aol.com', '093fa72470b9e476d970d5d8133e36ad0d81b59e', '9241e479dec2f2d2528ee932f61918ede7d1a115', '', 1422514752, 1422514752),
(22, 'Shalahd', 'Shalahd@gmail.com', '56f922869b9fe96201f33592678f22f2cc6ed367', 'a2e55abc49cabdfa650e8bb4f8ba3e20de4e08d7', '', 1426651001, 1426651001),
(23, 'dwa15', 'bajiezhu56@yahoo.com', '02382ed6c0d0f3cf3077abf6f519d36b94832f4a', 'a65eddf75a9a8c12411ac9ef9e4b8adb052b2008', '', 1445646878, 1445646878),
(24, 'susanbuck1', 'susanbuck@fas.harvard.edu', '3176ac00f7bfd17c6ae7f27b143d6c38b595e8d7', 'a3c2482db033d067b694bc7c72a61dfe6778c525', '', 1445922099, 1445922099),
(25, 'guruarumugam', 'guru30012012@gmail.com', 'b1ad3e691475ed76b072ece068674f471c5f35f8', 'd4e926c0efbde0e8979f46ef4b2c4e71dc55593f', '', 1446094415, 1446094415),
(26, 'PENTEST', 'winter@example.com', '22f86d30b71ac418332144f7c0e3bc6d5cb1125b', '1a7f8d048f552270e55dbc6bd4434524c7ec9804', '', 1454954963, 1454954963),
(27, 'LESA', 'lesathrman@gmail.com', '98dd0d3de6bf27723ed23e5d6f223ed136344c4c', 'deadcae71ed7fc51b6ef97a105c9a9316afcb26d', '', 1468767601, 1468767601);

-- --------------------------------------------------------

--
-- Table structure for table `users_recipes`
--

CREATE TABLE IF NOT EXISTS `users_recipes` (
  `user_recipe_id` int(11) NOT NULL AUTO_INCREMENT,
  `created` int(11) NOT NULL,
  `user_id` int(11) NOT NULL,
  `recipe_id` int(11) NOT NULL,
  PRIMARY KEY (`user_recipe_id`),
  KEY `user_id` (`user_id`)
) ENGINE=InnoDB  DEFAULT CHARSET=latin1 AUTO_INCREMENT=35 ;

--
-- Dumping data for table `users_recipes`
--

INSERT INTO `users_recipes` (`user_recipe_id`, `created`, `user_id`, `recipe_id`) VALUES
(1, 0, 1, 1),
(2, 0, 1, 2),
(4, 0, 1, 41),
(5, 0, 1, 50),
(6, 0, 1, 58),
(8, 0, 1, 101),
(9, 0, 1, 23),
(10, 0, 1, 9),
(11, 0, 1, 100),
(12, 0, 1, 13),
(13, 0, 3, 1),
(14, 0, 6, 1),
(15, 0, 6, 2),
(16, 0, 6, 23),
(17, 0, 8, 89),
(18, 0, 9, 23),
(19, 0, 9, 50),
(20, 0, 12, 1),
(21, 0, 12, 22),
(22, 0, 12, 43),
(23, 0, 12, 40),
(25, 0, 14, 1),
(26, 0, 17, 1),
(27, 0, 17, 48),
(29, 0, 1, 22),
(30, 0, 1, 40),
(31, 0, 22, 45),
(32, 0, 24, 22),
(33, 0, 24, 1),
(34, 0, 24, 40);

--
-- Constraints for dumped tables
--

--
-- Constraints for table `recipes`
--
ALTER TABLE `recipes`
  ADD CONSTRAINT `recipes_ibfk_1` FOREIGN KEY (`user_id`) REFERENCES `users` (`user_id`) ON DELETE CASCADE ON UPDATE CASCADE,
  ADD CONSTRAINT `recipes_ibfk_2` FOREIGN KEY (`color_id`) REFERENCES `colors` (`color_id`) ON DELETE CASCADE ON UPDATE CASCADE;

--
-- Constraints for table `recipes_ingredients`
--
ALTER TABLE `recipes_ingredients`
  ADD CONSTRAINT `recipes_ingredients_ibfk_1` FOREIGN KEY (`recipe_id`) REFERENCES `recipes` (`recipe_id`) ON DELETE CASCADE ON UPDATE CASCADE,
  ADD CONSTRAINT `recipes_ingredients_ibfk_2` FOREIGN KEY (`ingredients_id`) REFERENCES `ingredients` (`ingredient_id`) ON DELETE CASCADE ON UPDATE CASCADE;

--
-- Constraints for table `recipes_steps`
--
ALTER TABLE `recipes_steps`
  ADD CONSTRAINT `recipes_steps_ibfk_1` FOREIGN KEY (`recipe_id`) REFERENCES `recipes` (`recipe_id`) ON DELETE CASCADE ON UPDATE CASCADE,
  ADD CONSTRAINT `recipes_steps_ibfk_2` FOREIGN KEY (`step_id`) REFERENCES `steps` (`step_id`) ON DELETE CASCADE ON UPDATE CASCADE;

--
-- Constraints for table `steps`
--
ALTER TABLE `steps`
  ADD CONSTRAINT `steps_ibfk_1` FOREIGN KEY (`step_num_id`) REFERENCES `step_num` (`step_num_id`) ON DELETE CASCADE ON UPDATE CASCADE;

--
-- Constraints for table `users_recipes`
--
ALTER TABLE `users_recipes`
  ADD CONSTRAINT `users_recipes_ibfk_1` FOREIGN KEY (`user_id`) REFERENCES `users` (`user_id`) ON DELETE CASCADE ON UPDATE CASCADE;

/*!40101 SET CHARACTER_SET_CLIENT=@OLD_CHARACTER_SET_CLIENT */;
/*!40101 SET CHARACTER_SET_RESULTS=@OLD_CHARACTER_SET_RESULTS */;
/*!40101 SET COLLATION_CONNECTION=@OLD_COLLATION_CONNECTION */;
